question,summary_answer,difficulty
What is a capybara?,"The capybara, or Hydrochoerus hydrochaeris, is the largest living rodent, native to South America, known for its social nature and semiaquatic habits.",amateur
Where do capybaras live?,"Capybaras inhabit savannas and dense forests in South America, typically near bodies of water like lakes and rivers.",amateur
How big do capybaras get?,"Adult capybaras can reach lengths of up to 134 cm (53 in) and weigh between 35 to 66 kg (77 to 146 lbs), with some larger individuals recorded.",amateur
What do capybaras eat?,"Capybaras are herbivores that primarily graze on grasses and aquatic plants, and they also consume tree bark and fruits.",amateur
Why are capybaras considered social animals?,"Capybaras are highly social creatures that usually live in groups of 10 to 20 but can gather in larger numbers, especially near water sources.",amateur
What is the capybara's natural habitat?,"Capybaras thrive in regions with dense vegetation near water, such as tropical rainforests and flooded savannas.",amateur
What threats do capybaras face?,"Capybaras face threats from hunting for meat and skins, habitat destruction, and competition for resources with livestock.",amateur
How do capybaras communicate?,"Capybaras use various vocalizations including barks, chirps, whistles, and huffs to communicate with each other.",enthusiast
What adaptations do capybaras have for swimming?,"Capybaras are excellent swimmers with webbed feet and can hold their breath underwater for up to five minutes, aiding in predator evasion.",enthusiast
What role do capybaras play in their ecosystem?,"Capybaras impact their environment by grazing on vegetation, which helps maintain the health of savanna ecosystems, and they serve as prey to various large predators.",enthusiast
How do capybaras reproduce?,"Capybaras mate in water during a breeding season, with females giving birth to an average litter size of four young after a gestation period of 130 to 150 days.",enthusiast
What is capybara coprophagy?,"Capybara coprophagy refers to their behavior of eating their own feces to maximize nutrient absorption, a common practice among herbivorous mammals.",enthusiast
How do capybara groups establish social structure?,"Social hierarchies in capybara groups are established through interactions among males, with dominant males often securing more matings.",enthusiast
What is the phylogenetic relationship of capybaras?,"Capybaras are part of the Caviidae family and share a close relationship with rock cavies and guinea pigs, classified within the subfamily Hydrochoerinae.",expert
What are the ecological implications of capybaras in North America?,"Feral capybaras in North America may fill ecological niches similar to those of extinct prehistoric species, potentially impacting local ecosystems.",expert
How does capybara diet change with seasons?,"Capybaras switch their diet based on availability, consuming a greater variety of plants during the dry season when fewer species are present.",expert
In what ways have capybaras adapted to urban environments?,"Capybaras have adapted well to urbanization, often found in parks and zoos, and they can tolerate human interaction due to their docile nature.",expert
How has the cultural perception of capybaras evolved?,"Capybaras have become cultural icons, particularly in regions where they are farmed for meat, and are recognized in internet meme culture and Japanese media.",expert
What research is being done on capybara populations?,Conservation efforts include monitoring capybara populations in captivity and studies on their hunting and ecological impact within their native range.,expert
